date,open,high,low,close,volume,amount
2021-12-13,2720.15,2757.23,2697.16,2735.59,20.43310866,76.40337460159999
2021-12-14,2725.31,2747.98,2674.61,2685.73,20.02269922,74.3631243195
2021-12-15,2681.01,2752.87,2669.79,2719.37,25.88347155,88.84001782989999
2021-12-16,2716.29,2834.36,2708.95,2824.18,37.12606172,146.8491260275
2021-12-17,2830.09,2899.39,2802.15,2825.18,33.85327184,124.3291130682
2021-12-20,2828.85,2882.23,2773.64,2790.87,26.34505807,98.3742832849
2021-12-21,2785.81,2853.15,2751.17,2833.63,22.22143267,80.81364479300001
2021-12-22,2838.03,2852.54,2771.46,2788.86,21.3238347,77.2989960938
2021-12-23,2798.94,2833.53,2779.76,2812.32,19.68625012,72.2561856766
2021-12-24,2813.82,2823.81,2716.63,2729.67,24.02484016,84.8898288829
2021-12-27,2696.96,2730.38,2649.67,2695.22,18.76860788,67.8325125208
2021-12-28,2693.43,2722.18,2658.36,2694.47,16.33744381,59.777776278699996
2021-12-29,2689.31,2724.13,2660.68,2680.72,14.86307914,53.0371007837
2021-12-30,2689.0,2717.86,2664.21,2679.67,14.27116106,52.786248401499996
2021-12-31,2673.33,2712.1,2660.44,2695.36,13.13118037,48.4644125091
2022-01-04,2698.48,2752.95,2682.05,2730.11,18.47773693,69.0761381815
2022-01-05,2736.98,2752.18,2664.38,2686.14,20.28393459,72.9953868222
2022-01-06,2678.62,2789.2,2667.73,2752.76,25.17693509,102.02640956549999
2022-01-07,2755.61,2883.86,2745.62,2848.46,37.13161622,149.7467466635
2022-01-10,2885.12,2907.9,2812.44,2857.51,29.18663143,116.6496556866
2022-01-11,2861.16,2938.66,2832.65,2875.68,27.42505421,114.5289701219
2022-01-12,2843.45,2853.85,2760.75,2805.38,29.36896813,108.3203523755
2022-01-13,2801.28,2839.81,2763.44,2776.15,19.28212021,73.448837258
2022-01-14,2764.02,2773.99,2692.92,2710.86,20.22794997,72.17961989289999
2022-01-17,2693.14,2728.36,2661.77,2700.2,15.78576638,57.1894918834
2022-01-18,2698.7,2782.38,2682.77,2750.51,17.56437998,74.23662506720001
2022-01-19,2789.72,2850.87,2761.17,2814.35,28.93943123,129.3138516643
2022-01-20,2810.85,2888.23,2772.41,2805.14,27.16997471,112.63215370540001
2022-01-21,2792.48,2805.43,2722.47,2737.77,18.75649426,74.8107220128
2022-01-24,2730.53,2792.97,2683.0,2755.6,16.10130021,61.9843715596
2022-01-25,2738.43,2764.35,2632.68,2638.88,18.31733381,66.9837538501
2022-01-26,2631.79,2712.86,2614.17,2672.6,14.73257211,57.816904913100004
2022-01-27,2666.32,2690.33,2598.73,2617.07,15.96412608,56.7226350988
2022-01-28,2631.7,2647.06,2510.23,2567.71,20.52284215,77.3963029722
2022-02-07,2591.34,2726.94,2584.79,2706.46,26.05200031,96.02304477930001
2022-02-08,2718.21,2800.87,2688.94,2792.04,28.91994232,109.139240979
2022-02-09,2788.43,2824.92,2754.35,2791.67,22.03131021,82.8209824862
2022-02-10,2793.28,2845.27,2758.34,2814.81,20.25399442,80.8374998763
2022-02-11,2805.77,2866.59,2775.7,2790.17,20.51261015,86.12983376
2022-02-14,2768.42,2799.2,2705.65,2728.07,17.63997488,70.58615014760001
2022-02-15,2728.2,2747.48,2671.64,2701.54,15.97233446,59.27958376390001
2022-02-16,2714.2,2808.33,2704.93,2767.93,21.24473517,80.1666501867
2022-02-17,2764.2,2806.7,2731.89,2763.72,18.80920792,68.21685452060001
2022-02-18,2744.98,2850.28,2731.18,2838.8,24.35051687,101.3937504908
2022-02-21,2846.1,2870.35,2791.46,2830.06,19.47106968,84.8660930803
2022-02-22,2808.93,2841.11,2751.11,2789.0,18.92530815,78.8605944711
2022-02-23,2785.68,2806.86,2749.34,2783.61,15.37375031,62.9327457996
2022-02-24,2768.69,2793.23,2662.42,2700.43,25.49782879,96.61974419229999
2022-02-25,2712.77,2841.08,2704.5,2766.03,33.8836195,121.35442411870001
2022-02-28,2770.48,2792.98,2726.38,2774.85,19.12141859,68.6154446188
2022-03-01,2784.99,2834.64,2753.23,2793.03,18.88267518,75.1961787863
2022-03-02,2774.51,2831.36,2759.17,2797.47,15.54272736,59.9801065631
2022-03-04,2843.93,2874.87,2768.0,2822.59,25.96974812,107.98062844620001
2022-03-07,2827.64,2875.0,2772.4,2794.14,26.17909436,108.7996351483
2022-03-08,2789.35,2808.26,2677.16,2700.21,23.53218734,90.8586279546
2022-03-09,2699.72,2722.2,2536.12,2651.6,24.32722185,91.70681150360001
2022-03-10,2686.07,2718.22,2638.2,2677.14,18.1437593,72.9607517559
2022-03-11,2650.56,2673.04,2568.22,2652.51,18.24798649,70.49212192680001
2022-03-14,2616.12,2660.64,2567.26,2569.06,14.93122286,56.346118654399994
2022-03-15,2553.44,2557.57,2356.63,2361.31,27.6197819,95.7018180689
2022-03-16,2395.01,2452.15,2300.36,2432.65,22.65312423,74.2765443467
2022-03-17,2461.75,2525.42,2445.61,2483.92,19.86173274,71.7540672044
2022-03-18,2478.1,2530.51,2459.29,2516.69,15.22848865,53.7094248994
2022-03-21,2531.85,2552.25,2469.53,2502.72,16.5161819,61.2557451492
2022-03-22,2501.01,2562.79,2482.68,2544.68,17.68569663,60.7186605701
2022-03-24,2515.93,2541.0,2487.35,2507.2,12.9932051,45.390312172600005
2022-03-25,2514.31,2532.73,2478.33,2486.24,12.14871062,43.065495102
2022-03-28,2473.83,2533.47,2425.08,2515.54,15.20610341,52.7470287525
2022-03-29,2509.29,2521.62,2469.98,2483.39,11.1904672,40.1584173441
2022-03-30,2493.82,2537.43,2475.09,2526.77,14.56843266,55.3767647234
2022-04-01,2523.62,2564.97,2506.72,2556.43,13.58564659,52.3907524391
2022-04-06,2558.64,2719.37,2546.12,2706.75,32.60072242,127.1046693241
2022-04-07,2694.4,2778.46,2666.22,2689.66,38.8222347,166.12455202540002
2022-04-08,2681.61,2765.78,2640.02,2742.97,30.4561574,129.8862588743
2022-04-11,2725.55,2749.45,2635.97,2662.88,27.16408355,114.0148814997
2022-04-12,2646.2,2710.23,2618.77,2677.78,20.98569453,90.4631137448
2022-04-13,2663.48,2734.38,2631.67,2680.95,20.27171878,87.199052191
2022-04-15,2727.2,2840.21,2705.01,2755.5,33.14878717,135.40326732239998
2022-04-18,2716.74,2745.41,2661.39,2686.18,22.42564306,86.3743315048
2022-04-19,2682.35,2753.9,2654.04,2727.91,21.89902118,91.88912806200001
2022-04-20,2702.53,2724.79,2591.68,2607.59,24.06704337,97.7373468934
2022-04-21,2589.43,2602.02,2476.21,2489.7,22.69733424,83.47365308810001
2022-04-22,2473.71,2515.57,2423.01,2493.29,16.22914308,58.843605673199995
2022-04-25,2452.94,2465.0,2313.74,2323.99,22.11791443,75.1341431412
2022-04-26,2323.88,2369.32,2253.82,2274.63,19.31315814,63.4408458295
2022-04-27,2258.06,2365.4,2224.6,2354.83,22.07171593,75.4171394527
2022-04-28,2333.0,2356.61,2272.98,2319.52,18.04708746,61.9096794067
2022-04-29,2319.18,2406.77,2308.31,2392.32,20.30695839,73.7130535533
2022-05-06,2329.39,2333.51,2263.76,2280.6,14.72343995,52.597382374
2022-05-10,2263.23,2314.05,2225.69,2301.69,15.5578871,54.691018918900006
2022-05-11,2302.51,2374.23,2287.69,2319.26,20.44584757,68.542142166
2022-05-12,2302.68,2328.95,2268.25,2299.46,14.0526047,44.972601513
2022-05-13,2303.18,2327.0,2286.24,2312.72,10.49293724,36.3114408348
2022-05-16,2328.25,2350.89,2296.02,2331.32,12.08741547,44.2536407914
2022-05-17,2328.24,2340.79,2295.81,2329.1,10.63390674,36.5071070191
2022-05-18,2328.36,2352.38,2307.72,2332.26,9.65046532,33.2935113148
2022-05-19,2298.75,2327.86,2276.86,2322.84,11.70301294,38.2848116373
2022-05-20,2324.7,2373.23,2317.91,2362.87,16.24943306,51.7659280204
2022-05-23,2374.12,2469.87,2360.52,2444.46,27.71146638,81.0342625633
2022-05-24,2440.41,2464.19,2356.81,2359.89,27.36118226,80.16227022609999
2022-05-25,2354.59,2398.78,2340.9,2378.22,15.42942708,46.0300359273
2022-05-26,2382.65,2415.78,2346.27,2399.53,15.92136296,48.8732769225
2022-05-27,2404.97,2429.89,2369.69,2399.47,14.191781,48.2279569783
2022-05-30,2409.71,2429.7,2377.48,2395.56,11.46109844,38.6364251528
2022-05-31,2396.65,2409.73,2367.3,2399.77,11.77837144,39.8204913976
2022-06-01,2399.33,2418.44,2372.62,2400.67,12.01368491,40.786369581399995
2022-06-02,2378.91,2465.17,2371.26,2446.85,24.81964911,81.498074786
2022-06-06,2440.78,2484.27,2408.97,2471.45,22.2301965,72.4249440463
2022-06-07,2465.11,2478.12,2425.74,2444.17,16.61721877,54.85384588270001
2022-06-08,2448.08,2496.02,2423.83,2480.53,20.25827787,68.7168690479
2022-06-09,2472.46,2507.99,2450.51,2474.33,17.00342249,59.726232142600004
2022-06-10,2446.18,2489.2,2427.87,2479.56,18.65128714,60.9672213834
2022-06-13,2460.74,2488.47,2412.02,2441.9,20.63130452,69.638771474
2022-06-14,2419.66,2478.24,2389.22,2473.4,18.33494582,61.921673175100004
2022-06-15,2469.7,2528.29,2449.88,2483.55,21.37196094,80.2963038988
2022-06-16,2476.22,2515.08,2436.88,2445.53,18.58807239,66.5971317796
2022-06-17,2424.21,2443.45,2392.24,2422.15,15.43947967,55.508971583599994
2022-06-20,2411.82,2431.29,2381.7,2406.81,13.88143582,50.980771554200004
2022-06-21,2398.48,2469.9,2371.5,2423.65,31.09946289,90.48468369940001
2022-06-22,2427.94,2482.54,2395.01,2446.59,35.28610802,101.5365734215
2022-06-23,2448.25,2483.06,2408.95,2451.29,37.0266489,102.97867457209999
2022-06-24,2440.81,2506.47,2419.15,2482.65,34.50928348,100.32163631360001
2022-06-27,2489.02,2504.31,2452.9,2469.61,27.06415483,83.5752464863
2022-06-28,2469.8,2488.26,2423.56,2456.85,24.82125899,73.4201133605
2022-06-29,2448.48,2468.71,2408.17,2414.96,20.03220104,63.120553054
2022-06-30,2402.66,2423.1,2376.88,2389.76,17.87491925,54.964605308900005
2022-07-01,2384.46,2451.37,2361.76,2430.76,21.78513458,65.9029695829
2022-07-04,2417.27,2446.0,2394.94,2417.81,17.56329887,54.3735039771
2022-07-05,2413.28,2507.12,2401.81,2468.67,27.41535047,89.95088133729999
2022-07-06,2460.35,2474.18,2404.82,2422.56,22.00712167,68.836959373
2022-07-07,2411.96,2454.75,2399.62,2417.83,15.29084753,45.5347481634
2022-07-08,2421.63,2439.91,2394.1,2404.83,12.75165351,39.2430830698
2022-07-11,2396.34,2413.6,2341.46,2366.3,15.50018233,47.74102370479999
2022-07-12,2369.84,2421.1,2356.85,2388.73,13.46270569,43.538471765299995
2022-07-13,2398.66,2414.42,2369.99,2390.53,16.23035336,52.9651467928
2022-07-14,2388.8,2405.06,2340.58,2351.44,16.71674285,54.157208554099995
2022-07-15,2324.04,2346.0,2247.6,2257.11,20.92830687,65.1926167874
2022-07-18,2248.65,2304.18,2232.97,2294.33,15.28926384,46.4226447891
2022-07-19,2297.39,2323.62,2264.85,2292.06,14.41377288,43.535276161999995
2022-07-20,2295.91,2333.42,2281.34,2306.77,14.84092512,46.2005251011
2022-07-21,2289.32,2317.9,2257.03,2276.25,18.39053465,56.968305488599995
2022-07-22,2273.42,2286.92,2226.2,2244.96,14.28741959,46.22127090520001
2022-07-25,2242.78,2256.43,2207.45,2217.89,10.93028921,33.228541274
2022-07-26,2218.4,2246.04,2203.93,2235.99,9.11702761,27.8905565967
2022-07-27,2232.19,2253.79,2212.18,2239.73,9.14097464,27.6396405813
2022-07-28,2247.58,2264.59,2234.13,2251.69,10.80979082,31.5663736298
2022-07-29,2255.98,2298.13,2242.12,2262.87,15.83759198,44.8354726514
2022-08-01,2257.43,2268.6,2219.8,2237.26,10.84648209,31.201854646300003
2022-08-02,2221.61,2226.66,2131.73,2167.74,17.1462027,48.9002752524
2022-08-03,2161.42,2203.83,2115.67,2129.75,13.64985489,41.0686343466
2022-08-04,2134.4,2151.12,2108.29,2135.69,9.22180306,27.4642351372
2022-08-05,2136.51,2172.27,2118.95,2165.81,9.79197718,28.2786397175
2022-08-08,2161.16,2193.32,2148.63,2179.96,8.10764058,24.5038476128
2022-08-09,2177.31,2196.31,2162.5,2179.93,7.2797413,21.636630437399997
2022-08-10,2178.6,2192.31,2150.96,2159.44,8.28023417,24.0745589415
2022-08-11,2168.35,2202.09,2162.81,2195.66,8.77076825,26.9902919356
2022-08-12,2195.66,2217.17,2183.99,2206.34,8.13542912,24.401746500500003
2022-08-15,2207.07,2234.26,2192.06,2216.27,9.20664438,27.0851167254
2022-08-16,2216.0,2234.75,2198.02,2217.8,10.23082341,29.626029549000002
2022-08-17,2218.32,2225.67,2189.37,2213.42,8.56331327,25.925000969299997
2022-08-18,2206.07,2212.72,2172.81,2178.23,8.76327626,25.597479244299997
2022-08-19,2176.51,2202.77,2170.12,2184.71,7.62628653,24.0659737768
2022-08-22,2179.64,2206.71,2165.36,2195.75,8.35853958,25.171885544600002
2022-08-23,2187.88,2194.95,2161.24,2174.13,9.0151744,29.3219230795
2022-08-24,2175.0,2197.98,2131.09,2135.08,12.02852282,36.222348854
2022-08-25,2139.67,2161.4,2117.1,2151.96,8.84350399,27.3713491025
2022-08-26,2155.29,2167.33,2131.05,2140.13,7.21364205,21.867579129899998
2022-08-29,2124.29,2154.15,2099.9,2147.14,8.73955118,27.306813931
2022-08-30,2145.98,2167.59,2125.35,2139.24,7.59449667,24.1989549545
2022-08-31,2133.16,2143.36,2102.2,2112.67,9.30994431,28.493787761999997
2022-09-01,2111.23,2137.93,2101.1,2109.95,6.80359951,21.496288001
2022-09-02,2110.24,2119.43,2088.92,2099.71,5.78041027,18.7201504546
2022-09-05,2099.4,2137.89,2088.54,2131.97,8.59926503,26.4673349709
2022-09-06,2137.68,2159.78,2127.44,2149.69,8.1034003,24.908425824699997
2022-09-07,2146.37,2158.85,2129.76,2149.77,6.85205846,21.0960294637
2022-09-08,2152.01,2181.02,2137.28,2160.5,9.01790168,29.7949774073
2022-09-09,2162.24,2188.52,2150.59,2179.85,8.24570955,26.8490978623
2022-09-13,2184.8,2191.67,2155.05,2159.99,7.21005014,23.439215149099997
2022-09-14,2138.55,2156.47,2122.45,2136.8,6.87936726,20.9365013908
2022-09-15,2143.42,2167.67,2113.95,2135.59,9.16110223,29.2032020694
2022-09-16,2136.3,2140.04,2072.41,2075.03,10.90393171,33.0807169689
2022-09-19,2069.48,2082.61,2027.47,2045.99,9.28301803,25.329518994
2022-09-20,2052.28,2078.83,2032.69,2048.68,6.66429746,19.089276397
2022-09-21,2044.65,2096.46,2014.84,2085.52,9.40523894,26.7883392687
2022-09-22,2074.29,2105.71,2054.1,2066.74,8.42538035,23.9414276252
2022-09-23,2065.49,2095.69,2044.56,2063.05,7.64366412,21.9194954699
2022-09-26,2051.1,2055.09,1985.37,1992.47,10.03559676,29.0043055979
2022-09-27,1992.7,2025.28,1973.02,2016.76,6.96444374,20.0787911943
2022-09-28,2009.05,2014.69,1964.53,1970.36,7.42692269,20.5811699259
2022-09-29,1983.93,2000.08,1940.73,1950.9,6.74796591,19.506340083599998
2022-09-30,1949.24,1981.64,1943.27,1963.8,5.78761306,16.6722767376
2022-10-10,1968.27,2001.74,1950.35,1962.92,7.40966451,20.9840713563
2022-10-11,1960.11,1976.88,1936.29,1964.75,5.83891074,16.319150044100002
2022-10-12,1967.5,1997.79,1939.52,1992.25,7.17457879,19.9266881774
2022-10-13,1977.8,1999.75,1960.03,1982.98,7.04897644,19.324984922
2022-10-14,1992.68,2025.55,1984.74,2012.67,8.07585066,23.7665054147
2022-10-17,2004.57,2044.38,1989.39,2033.78,7.01689494,20.097017085
2022-10-18,2034.99,2049.68,2006.29,2022.98,5.04879556,16.077921821500002
2022-10-19,2018.89,2033.63,1989.53,2002.26,5.22404477,15.595284483499999
2022-10-20,1997.93,2021.56,1972.98,1999.46,7.38948413,22.2908135745
2022-10-21,2002.79,2026.23,1990.42,2003.14,5.99631227,17.867188577
2022-10-24,2007.43,2028.61,1958.4,1971.97,8.17042394,23.7973837166
2022-10-25,1965.3,1988.02,1941.88,1971.8,6.65883507,18.7294841402
2022-10-26,1970.47,2010.08,1959.92,1976.9,9.71039014,25.9825660933
2022-10-27,1975.58,1991.67,1959.1,1964.56,6.86789454,19.2402991459
2022-10-28,1948.1,1953.03,1880.94,1890.68,10.53339938,29.828336516300002
2022-10-31,1878.57,1902.21,1844.28,1869.71,8.76596224,23.8384171043
2022-11-01,1868.47,1915.31,1861.84,1910.31,8.47368381,21.731281644499997
2022-11-02,1907.75,1937.91,1893.3,1921.62,8.49549533,21.2466918911
2022-11-03,1909.43,1929.06,1896.13,1912.1,6.30525454,16.6496553985
2022-11-04,1910.84,1961.88,1904.81,1951.54,10.27843359,26.471379828899998
2022-11-07,1949.4,2012.91,1942.23,1986.44,13.9564339,35.3720771041
2022-11-08,1989.19,2009.26,1972.18,1995.76,9.02825198,23.561899538200002
2022-11-09,2004.04,2034.28,1988.0,2008.61,8.56301359,24.663642298400003
2022-11-10,2018.42,2066.91,2000.3,2059.2,22.37748709,52.6269018876
2022-11-11,2088.41,2115.32,2048.26,2072.48,22.26380173,56.3397241987
2022-11-14,2080.41,2107.38,2046.05,2062.49,15.12776062,42.3431409389
2022-11-15,2059.84,2092.8,2047.9,2076.38,10.21593163,29.719092878
2022-11-16,2077.9,2089.25,2054.77,2067.95,7.49263559,21.954898402199998
2022-11-17,2065.25,2078.1,2049.86,2067.68,6.86020931,19.8334059232
2022-11-18,2068.1,2091.41,2054.1,2066.05,8.64924386,22.8889612511
2022-11-21,2057.95,2066.77,2029.4,2049.16,7.25223983,20.6667303316
2022-11-22,2053.87,2102.41,2042.21,2076.93,9.47935741,26.935213160900002
2022-11-23,2074.47,2110.04,2064.21,2089.61,9.30906732,26.760746135599998
2022-11-24,2095.93,2112.62,2076.5,2092.13,6.2640504,18.9657053916
2022-11-25,2091.76,2128.68,2081.1,2120.19,8.82781029,25.6806263717
2022-11-28,2106.1,2114.64,2064.99,2099.38,8.3349394,24.4353641931
2022-11-29,2109.28,2156.59,2100.61,2144.55,11.82601845,36.2029135726
2022-11-30,2147.06,2164.59,2125.48,2136.29,10.07678735,29.0250308989
2022-12-01,2148.14,2163.24,2124.29,2129.88,8.54713526,24.7726462077
2022-12-02,2132.0,2141.57,2111.53,2121.93,6.09033687,19.315849978800003
2022-12-05,2131.16,2224.27,2126.15,2205.0,19.16703915,58.174144498400004
2022-12-06,2201.2,2219.15,2169.98,2194.6,11.07575536,36.1211841511
2022-12-07,2191.66,2196.73,2148.71,2159.84,10.65526364,32.6362280695
2022-12-08,2162.52,2179.82,2144.2,2165.05,7.36925497,23.432089579899998
2022-12-09,2169.68,2208.74,2147.44,2182.45,14.07539473,46.5259569214
2022-12-12,2184.96,2193.27,2118.34,2128.08,13.13676598,41.901973764
2022-12-13,2141.8,2191.85,2136.87,2165.67,13.2649139,37.084713881999996
2022-12-14,2162.3,2176.37,2120.06,2135.41,8.56043715,26.494064071300002
2022-12-15,2132.68,2143.06,2103.85,2113.59,7.27048883,21.5092487087
2022-12-16,2104.98,2176.49,2096.73,2154.05,11.48666212,39.0424126546
2022-12-19,2148.59,2161.39,2080.33,2090.17,10.56991928,30.4067980144
2022-12-20,2085.71,2114.53,2070.12,2084.86,6.23159712,18.1036127866
2022-12-21,2085.74,2104.65,2066.41,2076.55,4.66034761,13.6652653076
2022-12-22,2095.74,2121.55,2040.8,2050.79,7.22668177,21.716466678099998
2022-12-23,2041.34,2067.41,2022.14,2052.07,4.68116349,13.6801295902
2022-12-26,2049.76,2067.64,2025.09,2041.4,4.96194891,14.2993188383
2022-12-27,2052.91,2089.13,2044.81,2073.79,5.94361416,16.6366621279
2022-12-28,2075.26,2093.36,2059.68,2078.4,5.28335442,15.5745779125
2022-12-29,2080.21,2090.86,2042.79,2052.18,5.7126926,15.363461279600001
2022-12-30,2061.03,2069.3,2039.3,2052.69,4.24563029,11.6403908748
2023-01-03,2051.39,2077.48,2036.33,2067.02,6.02445178,16.2350479738
2023-01-04,2068.34,2096.84,2058.87,2080.63,6.36058532,18.0912572536
2023-01-05,2086.06,2099.11,2068.64,2080.89,5.33407448,16.542062392200002
2023-01-06,2083.61,2111.86,2074.11,2089.87,5.82140344,19.1002544896
2023-01-09,2094.96,2118.65,2082.31,2093.51,7.37501155,20.2291190383
2023-01-10,2092.35,2099.58,2059.43,2066.41,6.40920483,18.2496971253
2023-01-11,2070.65,2098.65,2061.37,2081.54,6.12102317,18.6173926134
2023-01-12,2082.34,2093.4,2057.5,2070.4,5.77199373,16.8726081641
2023-01-13,2074.18,2090.9,2061.86,2083.08,4.67983772,13.709914678099999
2023-01-16,2087.07,2121.74,2080.34,2106.65,6.99727187,21.7892697648
2023-01-17,2110.66,2118.25,2086.19,2101.06,4.77573248,13.9620580423
2023-01-18,2103.4,2116.74,2092.14,2108.84,4.51630078,13.170845602
2023-01-19,2112.24,2130.08,2096.99,2122.69,6.06998414,16.9018364606
2023-01-20,2128.79,2169.14,2119.18,2165.21,11.18412037,29.7952969202
2023-01-30,2183.67,2215.2,2172.89,2188.41,13.19502025,37.4343958352
2023-01-31,2177.84,2203.42,2162.59,2193.97,8.62671452,24.523194368899997
2023-02-01,2197.34,2251.47,2187.57,2230.61,15.20685612,42.4487197862
2023-02-02,2233.02,2249.12,2206.9,2228.36,10.82385008,30.6838197633
2023-02-03,2223.03,2229.82,2175.48,2205.26,10.84117809,33.5780061082
2023-02-06,2195.57,2207.63,2170.41,2187.5,6.84276814,20.8785798645
2023-02-07,2195.11,2218.05,2184.65,2206.76,6.69679371,21.268590133900002
2023-02-08,2214.1,2222.42,2184.66,2190.82,5.7965809,18.0047216485
2023-02-09,2193.75,2214.5,2182.93,2205.53,6.17396361,19.1273707728
2023-02-10,2204.61,2216.94,2182.81,2194.18,6.96457949,21.8306618846
2023-02-13,2197.57,2220.56,2183.03,2207.8,8.12224792,25.970352421399998
2023-02-14,2216.44,2253.82,2205.46,2243.29,11.09949375,35.612770393299996
2023-02-15,2244.91,2252.38,2213.74,2224.72,8.55776003,26.762996153000003
2023-02-16,2226.41,2252.74,2184.06,2203.71,11.45991394,34.6867827669
2023-02-17,2205.59,2236.75,2194.5,2206.72,7.94890768,24.4280259612
2023-02-20,2213.93,2270.85,2202.85,2265.17,12.57141758,44.354588243100004
2023-02-21,2271.45,2342.16,2259.37,2321.52,19.08761808,61.4079165472
2023-02-22,2310.9,2341.87,2293.39,2322.56,11.19310979,37.2268136392
2023-02-23,2331.09,2347.27,2303.73,2321.14,9.64559452,32.4186786602
2023-02-24,2320.96,2342.05,2299.86,2325.47,9.10784426,30.799493818200002
2023-02-27,2322.11,2358.84,2297.64,2315.93,11.87111183,37.990535200100005
2023-02-28,2316.27,2333.32,2292.2,2319.6,9.11047855,30.6025557126
2023-03-01,2328.74,2346.12,2310.35,2333.34,8.69830827,28.428979415300002
2023-03-02,2327.32,2375.52,2310.74,2353.59,11.59947497,40.6969132786
2023-03-03,2358.18,2387.45,2335.93,2375.35,11.00502155,37.880588568600004
2023-03-06,2379.25,2388.59,2338.14,2350.82,9.23858225,33.0493838825
2023-03-07,2349.41,2382.52,2325.04,2336.67,10.72184543,35.6445470006
2023-03-08,2329.45,2363.28,2312.6,2344.81,8.86503902,29.092986964
2023-03-09,2349.57,2368.35,2322.71,2342.02,7.99362917,26.7542649728
2023-03-10,2334.65,2342.37,2286.4,2292.13,10.11882492,34.430688200300004
2023-03-13,2295.29,2329.98,2281.0,2308.89,8.2574623,26.884248903400003
2023-03-14,2309.2,2340.72,2273.41,2289.88,9.75571328,32.1659787248
2023-03-15,2300.35,2355.34,2279.97,2337.14,11.57992703,40.6570877095
2023-03-16,2325.62,2334.94,2268.12,2274.21,10.932434,36.5794878952
2023-03-17,2286.18,2319.33,2271.72,2289.81,8.81902049,30.392904501599997
2023-03-20,2292.19,2309.99,2251.57,2260.0,9.90827959,33.8329915995
2023-03-21,2273.38,2280.93,2225.65,2241.72,8.86427937,29.827787403800002
2023-03-22,2247.08,2265.39,2226.97,2245.85,7.65847154,25.2496351365
2023-03-23,2239.77,2255.45,2216.34,2240.09,8.59032952,28.6930095325
2023-03-24,2241.62,2258.22,2220.61,2234.16,8.40179886,28.3047075644
2023-03-27,2235.86,2244.51,2190.73,2202.76,9.82014052,31.216325160900002
2023-03-28,2206.99,2227.69,2183.61,2194.67,7.63753463,24.3684759231
2023-03-29,2200.96,2211.3,2167.75,2175.41,7.1441125,23.1701266213
2023-03-30,2178.96,2200.25,2154.18,2187.59,8.6990894,25.634993720900003
2023-03-31,2192.21,2219.33,2175.88,2202.34,7.8388584,25.9569018091
2023-04-03,2202.63,2222.64,2184.22,2201.57,8.63593361,27.5017753538
2023-04-04,2201.47,2245.24,2188.5,2223.02,8.80727586,28.8011823485
2023-04-06,2219.92,2238.78,2199.06,2216.98,7.89286217,25.052399730300003
2023-04-07,2220.41,2232.56,2201.29,2216.53,5.70527499,19.1010057732
2023-04-10,2210.88,2234.56,2192.78,2210.9,6.90365156,22.7841185254
2023-04-11,2211.75,2240.41,2188.96,2233.02,7.93942883,27.778345422399997
2023-04-12,2235.89,2295.36,2226.68,2280.17,11.89682137,42.6516115446
2023-04-13,2277.26,2306.93,2257.79,2268.66,8.94660568,29.3803375196
2023-04-14,2271.84,2295.29,2260.52,2280.25,7.35814954,24.776068044200002
2023-04-17,2279.85,2314.1,2263.3,2302.48,10.45207566,34.6986632161
2023-04-18,2301.35,2309.93,2274.47,2285.65,7.18281011,25.8131500014
2023-04-19,2288.58,2315.75,2272.65,2289.65,7.66055007,28.5835660668
2023-04-20,2292.84,2304.91,2250.64,2279.23,8.54558076,30.388242500700002
2023-04-21,2277.37,2295.47,2231.63,2237.16,9.64610637,30.620752118200002
2023-04-24,2232.3,2241.76,2181.43,2195.17,10.18521953,33.672980547600005
2023-04-25,2202.93,2218.96,2142.61,2162.18,9.79200651,32.1229905319
2023-04-26,2158.87,2188.85,2128.43,2164.72,7.54390281,26.2730031648
2023-04-27,2163.71,2183.56,2140.88,2163.06,6.20236161,21.056171779
2023-04-28,2160.35,2194.3,2145.18,2183.81,9.21586829,30.6479656535
2023-05-04,2180.29,2229.16,2159.13,2203.17,12.06032427,45.129296653800004
2023-05-05,2199.8,2233.61,2167.03,2191.6,10.8982828,37.7348625591
2023-05-08,2186.96,2258.28,2180.12,2244.31,15.0716299,49.028277814700004
2023-05-09,2255.98,2327.43,2246.21,2270.33,19.54156847,65.6589532269
2023-05-10,2265.32,2294.22,2232.21,2247.31,11.32970286,38.4011941577
2023-05-11,2249.56,2269.04,2219.58,2238.38,8.94697472,30.154869098699997
2023-05-12,2235.24,2243.96,2191.21,2197.18,7.62103336,25.1412664758
2023-05-15,2196.2,2212.18,2154.32,2196.35,8.78991134,29.4623922314
2023-05-16,2196.0,2207.37,2159.5,2169.01,7.02869011,22.8520525098
2023-05-17,2164.78,2187.58,2144.97,2161.85,6.16960706,21.0145088502
2023-05-18,2167.46,2185.35,2144.14,2156.2,6.55335424,21.993342317699998
2023-05-19,2154.04,2170.36,2123.58,2142.86,7.13535026,22.6099732632
2023-05-22,2141.84,2167.2,2126.82,2146.86,7.57593573,22.4662561806
2023-05-23,2143.8,2152.04,2103.95,2108.51,7.03209444,21.550156286300002
2023-05-24,2106.46,2114.2,2071.72,2079.23,7.42104647,22.8604031873
2023-05-25,2074.78,2091.98,2052.35,2076.58,7.20348126,20.5646958544
2023-05-26,2082.66,2107.68,2057.77,2099.21,6.26973258,19.718007621199998
2023-05-29,2098.9,2122.34,2079.89,2101.22,6.5850239,21.449222268099998
2023-05-30,2100.62,2116.34,2066.57,2094.12,6.69672345,20.9643077727
2023-05-31,2085.67,2106.2,2068.5,2090.27,6.4074558,19.5760487913
2023-06-01,2087.75,2113.09,2073.48,2093.99,6.84598868,21.1299554259
2023-06-02,2097.66,2123.8,2087.17,2114.05,7.32757391,22.2874901725
2023-06-05,2116.12,2135.67,2096.56,2112.01,6.10679952,20.167408751099998
2023-06-06,2109.59,2119.73,2074.11,2080.79,7.35371636,22.2059823196
2023-06-07,2082.8,2100.54,2066.44,2078.64,4.84854024,14.5536814751
2023-06-08,2078.35,2099.31,2062.06,2092.77,5.71978049,18.5516769286
2023-06-09,2093.76,2111.52,2077.66,2092.06,6.86698219,21.4231258582
2023-06-12,2093.05,2108.28,2073.67,2084.21,5.95917863,19.2497807305
2023-06-13,2085.97,2108.33,2069.95,2086.68,5.54901184,18.8565576304
2023-06-14,2083.85,2104.9,2069.12,2079.33,5.26280492,17.3973104566
2023-06-15,2083.14,2094.01,2058.4,2082.25,5.14515686,16.5379183974
2023-06-16,2081.81,2108.07,2073.15,2095.6,5.75364668,18.8948512866
2023-06-19,2094.81,2104.37,2064.17,2068.34,5.85463075,19.607483405099998
2023-06-20,2070.05,2077.14,2038.78,2048.33,5.98429922,19.016593868399998
2023-06-21,2047.02,2058.69,2025.39,2029.57,5.67870718,17.6334402592
2023-06-26,2026.46,2036.41,1997.33,2009.74,6.27329205,19.2227220933
2023-06-27,2013.67,2053.52,2004.57,2043.57,6.38120324,18.970930444
2023-06-28,2042.5,2053.91,2019.27,2042.76,4.95950056,14.364327718
2023-06-29,2039.68,2048.96,2022.11,2033.5,3.82062812,12.1246025877
2023-06-30,2027.52,2053.17,2020.27,2040.72,4.57939878,14.2927500407
2023-07-03,2045.65,2081.8,2038.27,2067.67,6.21069176,18.8395444146
2023-07-04,2072.2,2086.25,2055.83,2071.29,5.97188778,16.7357203498
2023-07-05,2066.69,2102.53,2056.68,2091.01,11.73793681,27.449929928299998
2023-07-06,2085.14,2092.86,2055.96,2065.91,7.29300642,17.7682782967
2023-07-07,2058.46,2083.41,2047.8,2069.25,6.26578591,16.230984271300002
2023-07-10,2067.49,2081.47,2053.12,2066.26,4.81291225,13.3744364729
2023-07-11,2069.08,2087.45,2057.41,2076.22,5.07223333,14.5786500468
2023-07-12,2079.6,2089.34,2054.91,2062.98,4.73950841,14.813467814700001
2023-07-13,2069.86,2091.57,2061.63,2082.61,4.88865361,15.0734311978
2023-07-14,2079.5,2096.86,2070.18,2079.08,4.0721397,13.139712318299999
2023-07-17,2075.59,2083.12,2052.89,2066.72,5.20507644,14.5092470641
2023-07-18,2068.32,2076.43,2049.79,2064.39,4.27971405,12.7404682301
2023-07-19,2064.15,2078.04,2053.35,2073.27,4.19417729,12.5012982558
2023-07-20,2074.09,2091.24,2062.9,2069.89,4.91081197,15.055747294100001
2023-07-21,2069.02,2083.6,2056.1,2075.03,4.89012983,14.198273528
2023-07-24,2077.11,2088.09,2060.7,2070.77,3.80026741,11.4712033821
2023-07-25,2086.35,2141.17,2082.46,2133.07,11.81831367,40.1460660535
2023-07-26,2132.91,2201.22,2119.97,2179.44,17.23174886,44.767148284399994
2023-07-27,2169.02,2268.72,2155.46,2226.51,30.65881518,91.3005398616
2023-07-28,2217.39,2291.63,2204.81,2271.79,26.70012581,81.76628948140001
2023-07-31,2276.67,2317.25,2256.48,2280.87,21.29760695,63.6165398233
2023-08-01,2281.66,2374.6,2266.74,2331.83,34.6169977,94.2136264831
2023-08-02,2308.82,2332.29,2276.98,2307.84,22.62598865,60.4743701254
2023-08-03,2297.26,2324.65,2273.34,2314.26,16.33645158,45.981797838999995
2023-08-04,2324.98,2354.31,2289.15,2297.95,13.63534978,40.412894311
2023-08-07,2294.77,2301.37,2246.91,2263.76,11.80074141,36.4945707285
2023-08-08,2264.5,2276.12,2236.23,2249.95,8.3595859,23.9501645194
2023-08-09,2255.3,2273.09,2234.31,2248.69,8.11902458,23.8070294962
2023-08-10,2245.17,2268.48,2227.91,2248.24,8.10138442,22.127158080900003
2023-08-11,2251.42,2257.09,2199.98,2206.46,8.99803274,25.8037046661
2023-08-14,2192.91,2226.17,2172.62,2211.73,8.59320696,25.0184306904
2023-08-15,2216.44,2236.03,2184.15,2211.13,8.02291136,22.0304284292
2023-08-16,2205.99,2239.33,2189.25,2215.46,7.63034923,22.215955745
2023-08-17,2209.46,2226.68,2178.71,2212.1,8.22797099,25.599409425300003
2023-08-18,2209.79,2243.1,2193.18,2197.98,7.75252472,23.042271911599997
2023-08-21,2196.67,2221.25,2173.21,2176.52,7.73068951,22.3407695208
2023-08-22,2177.91,2207.89,2157.72,2188.07,9.731409,27.835179650100002
2023-08-23,2191.73,2200.24,2160.26,2165.96,7.07694002,20.8709255637
2023-08-24,2176.81,2197.28,2137.47,2141.42,8.2091681,25.2620809432
2023-08-25,2143.32,2186.32,2125.21,2157.72,9.30192126,26.5923188557
2023-08-28,2247.48,2273.1,2183.88,2200.51,15.1643827,45.6865027171
2023-08-29,2200.4,2220.98,2157.05,2179.17,12.18383754,37.8847452804
2023-08-30,2175.8,2196.13,2146.4,2154.28,9.29856965,26.68988004
2023-08-31,2149.61,2171.1,2129.3,2139.29,8.25428608,25.101053642199997
2023-09-01,2142.16,2207.18,2138.03,2191.24,10.77636776,35.7414285272
2023-09-04,2199.77,2292.78,2193.52,2267.03,19.9751187,62.5285827937
2023-09-05,2266.92,2272.09,2223.11,2242.98,10.47614102,30.8281948181
2023-09-06,2240.1,2245.29,2200.06,2207.82,8.25073057,24.1607381088
2023-09-07,2206.18,2218.94,2170.95,2180.22,8.55928815,26.520093418600002
2023-09-11,2158.67,2180.93,2143.89,2162.33,7.40353544,22.742435565
2023-09-12,2161.62,2182.0,2150.61,2163.15,5.99911573,19.2283512138
2023-09-13,2162.94,2203.15,2151.34,2171.36,8.39684827,27.192976359299998
2023-09-14,2169.4,2197.23,2156.89,2187.24,7.81354462,24.3370271849
2023-09-15,2192.38,2227.47,2177.17,2201.21,11.94845178,36.6131553465
2023-09-18,2200.79,2210.2,2168.92,2194.03,8.5823626,26.3754263985
2023-09-19,2192.1,2229.39,2182.7,2218.23,8.82030922,30.8066603004
2023-09-20,2218.14,2231.98,2195.66,2216.6,7.2528569,23.554569825500003
2023-09-21,2211.39,2224.5,2179.3,2188.36,7.30595434,23.2234875785
2023-09-22,2187.02,2202.23,2157.41,2183.85,8.10096869,25.2392690152
2023-09-25,2180.68,2200.84,2161.84,2171.54,7.37191383,23.821789141799997
2023-09-26,2170.57,2186.66,2150.43,2157.5,5.74468755,18.7398349019
2023-09-27,2157.43,2173.45,2131.76,2136.13,7.4259375,25.3023891284
2023-09-28,2140.79,2158.75,2128.86,2139.09,6.1687375,20.0475074595
2023-10-09,2135.99,2150.74,2115.14,2132.11,6.28182508,20.4855260697
2023-10-10,2135.74,2149.36,2106.39,2119.3,7.25660818,23.182886783
2023-10-11,2124.34,2132.78,2094.5,2100.95,6.92138916,22.1048311125
2023-10-12,2109.53,2148.9,2102.58,2138.48,7.4904953,24.185778276399997
2023-10-13,2131.47,2143.69,2108.65,2125.69,5.6091838,18.4431158488
2023-10-16,2122.75,2136.21,2098.32,2114.3,6.0696198,19.7281298545
2023-10-17,2133.45,2157.67,2115.74,2132.25,6.4851922,23.4655273113
2023-10-18,2129.86,2144.29,2088.26,2102.49,8.92483422,30.7669853278
2023-10-19,2088.59,2104.53,2047.87,2054.35,8.83225961,29.29955752
2023-10-20,2044.91,2074.86,2034.78,2049.16,6.84475695,19.8850746598
2023-10-23,2045.75,2051.11,1988.82,2001.21,8.76429054,23.8348599206
2023-10-24,2005.43,2043.39,1990.99,2020.72,9.62789616,24.2694586792
2023-10-25,2059.67,2132.59,2054.56,2115.08,14.71340941,51.735851085600004
2023-10-26,2104.99,2138.43,2080.97,2116.86,9.48184466,33.4737561106
2023-10-27,2117.1,2153.04,2099.47,2126.05,9.30839466,32.3318411303
2023-10-30,2121.02,2157.09,2110.36,2129.15,8.35616327,27.3089525866
2023-10-31,2127.28,2149.1,2102.56,2116.36,7.40215441,23.8742688084
2023-11-01,2125.85,2133.07,2093.68,2112.14,7.26813616,23.580203480599998
2023-11-02,2110.82,2129.56,2090.7,2098.36,6.93796076,21.8524097023
2023-11-03,2103.06,2122.83,2073.22,2078.96,8.08180218,25.9080806699
2023-11-06,2087.11,2099.99,2054.86,2070.99,10.49908872,34.4271986594
2023-11-07,2068.38,2077.23,2044.97,2061.4,7.15813905,23.581638792
2023-11-08,2059.23,2064.19,2030.14,2039.32,7.68017885,22.9630578444
2023-11-09,2039.01,2065.11,2029.23,2050.95,7.44972316,22.8006200439
2023-11-10,2047.61,2058.25,2029.34,2044.02,5.78431693,17.726747758
2023-11-13,2051.19,2097.06,2043.08,2093.1,10.94593157,33.4406163217
2023-11-14,2091.63,2103.79,2052.78,2077.81,8.98524698,30.009369723000002
2023-11-15,2091.09,2122.49,2079.89,2111.29,10.39127361,34.6585824001
2023-11-16,2109.67,2123.96,2086.91,2098.01,8.45718895,30.4362461236
2023-11-17,2097.03,2114.45,2074.94,2092.88,7.66219939,26.8835497371
2023-11-20,2096.66,2117.05,2079.99,2096.96,7.8233286,26.8907007635
2023-11-21,2101.99,2128.36,2091.23,2101.59,8.42448849,28.228699506199998
2023-11-22,2098.84,2109.5,2080.95,2082.17,5.92319581,19.5841001873
2023-11-23,2082.22,2109.52,2071.19,2103.21,7.04904901,23.9590414992
2023-11-24,2101.43,2121.91,2089.94,2101.77,8.2351176,24.9635043839
2023-11-27,2097.36,2108.15,2071.77,2085.89,6.81859684,22.2864899733
2023-11-28,2085.51,2101.91,2065.53,2091.95,6.16680599,21.155996427799998
2023-11-29,2091.43,2098.75,2057.29,2065.16,6.9811901,22.667542068499998
2023-11-30,2065.2,2077.12,2047.11,2061.78,5.92899462,18.6476753285
2023-12-01,2062.55,2086.27,2052.88,2075.13,6.89916708,20.3500461456
2023-12-04,2077.1,2099.08,2062.66,2079.36,6.68430133,21.6921153837
2023-12-05,2079.47,2082.0,2043.95,2049.03,6.53182851,19.7862796886
2023-12-06,2044.19,2062.55,2030.61,2047.16,6.52211124,18.940173662
2023-12-07,2049.47,2061.99,2027.85,2045.56,7.82120485,22.7313868239
2023-12-08,2048.3,2083.98,2030.77,2058.81,15.60562656,40.9364236805
2023-12-11,2056.88,2067.49,1992.91,2052.14,15.46365548,43.5536186229
2023-12-12,2040.88,2050.45,2011.1,2037.22,8.40918614,26.4814078402
2023-12-13,2029.85,2044.63,2007.05,2013.45,8.62958131,24.5040362679
2023-12-14,2019.74,2032.86,2003.29,2009.91,6.35631101,18.4112297522
2023-12-15,2013.96,2028.19,1997.24,2003.54,6.26829355,19.0338546705
2023-12-18,1998.51,2011.29,1972.41,1976.88,7.84537245,21.5180602275
2023-12-19,1978.2,1989.62,1958.78,1971.96,6.97231074,18.0179988249
2023-12-20,1973.14,1993.87,1952.71,1956.79,7.23303196,20.0162595166
2023-12-21,1950.41,1970.01,1927.49,1961.33,9.01062753,22.9846502569
2023-12-22,1961.18,1980.62,1940.64,1964.27,8.02766324,21.9203421067
2023-12-25,1963.56,1974.26,1947.33,1961.64,4.99431276,14.3466501766
2023-12-26,1961.31,1971.66,1941.93,1949.14,5.25258119,14.7999896724
2023-12-27,1951.54,1966.55,1931.71,1954.85,6.0514633,17.7962289987
2023-12-28,1954.33,1990.84,1937.73,1972.81,10.80851875,30.2029380676
2023-12-29,1967.29,1985.89,1955.1,1970.86,8.08382897,24.1056071454
2024-01-02,1972.95,2004.69,1962.88,1987.54,8.00498902,26.0177255331
2024-01-03,1985.2,2021.52,1978.4,2013.8,7.73633003,26.3320810022
2024-01-04,2013.53,2034.22,1991.58,2017.75,8.32308733,26.638528825399998
2024-01-05,2016.82,2046.55,2001.8,2011.56,9.03291926,28.6527896051
2024-01-08,2009.08,2017.66,1967.37,1975.99,8.27244955,24.6054819019
2024-01-09,1975.17,1993.93,1957.76,1980.72,5.88123042,18.132176558199998
2024-01-10,1976.78,1990.49,1957.12,1969.65,5.81279709,17.8543976649
2024-01-11,1967.3,1984.96,1946.77,1967.31,7.66133566,23.9261027177
2024-01-12,1965.05,1991.33,1956.67,1967.27,6.19565694,17.0120509052
2024-01-15,1963.43,1976.78,1940.16,1957.67,6.95113901,21.4072728109
2024-01-16,1953.97,1972.05,1930.95,1958.86,7.75410508,22.1003469489
2024-01-17,1956.43,1967.11,1923.31,1927.53,6.50677428,19.5038247317
2024-01-18,1920.28,1926.9,1849.06,1902.53,12.43654738,35.692679982899996
2024-01-19,1898.47,1915.28,1876.88,1895.95,6.31289176,18.8135364698
2024-01-22,1894.29,1902.98,1809.26,1827.19,9.65366914,25.6463841265
2024-01-23,1820.76,1851.19,1792.2,1834.72,8.3406435,24.472365679499998
2024-01-24,1843.27,1896.54,1822.79,1889.23,9.700354,25.899981055700003
2024-01-25,1895.93,1971.15,1886.48,1966.81,12.79464706,36.3235442438
2024-01-26,1968.43,2008.74,1955.28,1993.01,11.44156337,31.471734560300003
2024-01-29,1996.98,2018.24,1968.81,1981.04,11.09685778,32.0517905989
2024-01-30,1977.89,2000.98,1944.01,1955.15,10.42989073,30.627898272600003
2024-01-31,1944.34,1979.59,1913.01,1928.29,11.45377808,33.9559668615
2024-02-01,1917.26,1947.69,1892.12,1909.98,10.14606947,29.193617480100002
2024-02-02,1910.25,1948.36,1843.21,1888.55,12.89325716,35.3772511133
2024-02-05,1885.05,1905.69,1806.78,1850.36,15.12696514,40.478559035100005
2024-02-06,1839.02,1932.27,1816.64,1919.7,15.95612511,42.9772920296
2024-02-07,1920.54,1990.72,1897.63,1970.56,20.70723055,56.5685274688
2024-02-08,1970.53,2029.58,1944.78,1989.99,18.79494956,53.0400705721
2024-02-19,2007.26,2035.38,1977.67,2012.11,13.01746405,38.2976996174
2024-02-20,2007.49,2037.39,1983.24,2023.5,9.31669958,27.5669930307
2024-02-21,2017.01,2062.52,1998.4,2025.97,11.98708051,32.6748096353
2024-02-22,2026.89,2056.22,2016.55,2046.94,8.01418985,22.7826531934
2024-02-23,2049.77,2069.78,2027.52,2047.77,9.01504501,28.0001144327
2024-02-26,2049.57,2069.58,2018.53,2030.28,11.57678534,34.428074636
2024-02-27,2026.11,2059.13,2010.17,2045.87,10.15381997,30.508887581
2024-02-28,2045.0,2082.34,2018.82,2026.0,15.10635696,41.206615974099996
2024-02-29,2017.22,2058.54,2012.43,2051.6,11.24867326,32.538412781999995
2024-03-01,2050.26,2070.78,2028.06,2041.38,9.12928197,26.916949683400002
2024-03-04,2037.07,2051.0,2007.66,2020.85,8.69232275,26.3761835759
2024-03-05,2018.94,2040.77,1997.92,2019.01,8.58936463,24.808062710599998
2024-03-06,2017.47,2047.63,2005.07,2024.68,8.2089219,23.4568504218
2024-03-07,2026.28,2104.58,2019.83,2069.15,16.54134893,45.5085777755
2024-03-08,2067.32,2091.95,2044.93,2071.91,9.99144877,29.7611306429
2024-03-11,2067.66,2092.03,2037.45,2065.14,9.80658425,31.606187172800002
2024-03-12,2062.77,2068.3,2015.57,2031.01,9.87189229,35.0308990603
2024-03-13,2029.56,2042.37,2005.11,2018.81,7.65648097,25.496904868
2024-03-14,2017.63,2045.11,2002.41,2015.01,9.10577263,27.1628147166
2024-03-15,2010.11,2062.55,1991.55,2053.09,15.0384504,42.1574624736
2024-03-18,2051.31,2063.16,2020.35,2048.8,10.8098654,33.1546572632
2024-03-19,2045.46,2116.6,2033.62,2080.09,23.55172851,54.8811216112
2024-03-20,2067.41,2085.36,2046.91,2063.04,13.46293175,32.361971983000004
2024-03-21,2064.81,2080.78,2044.96,2055.86,9.28776023,23.9182458799
2024-03-22,2054.47,2067.45,2011.2,2033.09,11.60562172,31.864785024
2024-03-25,2029.26,2066.43,2016.41,2029.49,10.19662625,31.088871640300002
2024-03-26,2031.85,2047.72,2004.84,2027.47,8.85547175,26.574875569899998
2024-03-27,2024.72,2047.2,2001.08,2007.93,7.83304077,24.670640398000003
2024-03-28,2004.16,2031.22,1987.9,2007.84,8.67855261,25.9493575429
2024-03-29,2005.62,2046.94,1997.85,2039.93,7.37454131,23.846442818499998
2024-04-01,2042.4,2073.14,2024.55,2059.67,10.66852198,32.051230113
2024-04-02,2066.4,2113.43,2056.47,2089.74,13.56555965,40.1885348223
2024-04-03,2089.64,2125.61,2067.98,2103.36,16.85493788,45.9214838051
2024-04-08,2103.14,2143.69,2082.32,2094.59,17.39999673,49.64326482479999
2024-04-09,2092.72,2124.66,2070.29,2103.58,13.94542601,37.1760920408
2024-04-10,2093.9,2117.33,2063.29,2080.08,13.04273531,35.4862844086
2024-04-11,2067.19,2126.0,2048.89,2100.36,13.02021319,39.0712585606
2024-04-12,2099.71,2118.36,2076.21,2091.43,9.83110389,31.206225199499997
2024-04-15,2091.37,2130.89,2047.38,2103.41,13.6130047,41.9253632664
2024-04-16,2097.76,2128.44,2057.05,2070.12,13.90778357,45.499734061800005
2024-04-17,2069.36,2138.24,2060.9,2131.18,12.63256017,42.7132614288
2024-04-18,2126.27,2167.82,2115.87,2146.16,10.59657243,37.2646890346
2024-04-19,2138.53,2194.35,2125.93,2164.68,11.45739282,37.778970649499996
2024-04-22,2162.95,2189.79,2114.87,2127.79,10.64658764,36.6225546315
2024-04-23,2127.47,2134.96,2065.97,2073.09,11.03627423,36.2055696817
2024-04-24,2075.2,2096.26,2053.8,2084.76,7.31407105,23.833689086
2024-04-25,2082.42,2116.31,2069.36,2097.98,7.39895256,24.0448624184
2024-04-26,2091.39,2121.66,2066.05,2105.32,9.54202781,31.8745047313
2024-04-29,2090.31,2122.99,2059.66,2111.09,12.15765263,38.6177036755
2024-04-30,2095.86,2120.66,2053.11,2061.38,12.63034467,43.1951494722
2024-05-06,2075.87,2098.08,2058.01,2080.2,10.64473619,35.4537497969
2024-05-07,2079.89,2093.23,2045.09,2059.24,11.22758523,36.4017644902
2024-05-08,2052.65,2062.04,2024.66,2033.24,7.96005761,27.429112435
2024-05-09,2032.34,2072.22,2026.15,2056.6,8.89280064,29.5035700668
2024-05-10,2051.48,2070.72,2034.63,2059.25,7.06280415,23.7684462444
2024-05-13,2054.29,2071.62,2027.69,2053.92,8.44037994,27.3435805834
2024-05-14,2054.27,2067.65,2027.64,2034.51,7.74156518,26.226461257600004
2024-05-15,2032.23,2044.92,2012.18,2023.96,6.65893724,20.6407820545
2024-05-16,2027.03,2074.25,2017.48,2048.8,12.03945947,37.2040286846
2024-05-17,2048.59,2075.19,2025.75,2069.74,10.04137433,32.6113535666
2024-05-20,2071.1,2090.25,2050.02,2067.18,9.9121878,32.4591759462
2024-05-21,2064.13,2077.35,2039.93,2053.5,7.33380837,24.7991584194
2024-05-22,2053.89,2088.58,2046.62,2067.99,8.41360523,28.909628833299998
2024-05-23,2064.7,2069.49,2021.07,2026.61,10.23659893,30.8223523167
2024-05-24,2021.1,2045.12,2011.53,2015.6,6.17909413,18.7504425599
2024-05-27,2021.73,2044.91,2008.03,2028.26,6.12100425,19.9868563703
2024-05-28,2029.41,2044.8,2009.33,2017.79,6.78337579,20.8231226746
2024-05-29,2013.89,2040.58,2000.14,2020.11,6.81496269,19.1974675249
2024-05-30,2027.47,2061.52,2010.8,2020.72,9.75422807,33.724939841
2024-05-31,2019.53,2040.42,2006.58,2010.03,7.02146106,22.9228696548
2024-06-03,2007.27,2019.24,1946.24,1967.48,12.02596324,33.1363295694
2024-06-04,1963.51,1988.02,1943.74,1977.45,7.67890955,24.1577533327
2024-06-05,1978.55,1989.05,1940.11,1945.16,8.51189509,22.681388774000002
2024-06-06,1948.21,1965.78,1903.76,1917.22,11.69603297,29.0250418587
2024-06-07,1924.94,1956.41,1907.25,1943.93,8.8544616,24.082308006999998
2024-06-11,1938.7,1943.71,1900.21,1910.45,6.82370603,20.5769452746
2024-06-12,1909.8,1924.63,1889.73,1910.69,6.10991424,19.9672935919
2024-06-13,1894.48,1902.23,1855.35,1867.88,7.35530801,19.9204830842
2024-06-14,1871.45,1912.79,1864.2,1901.73,9.97619053,25.742099986
2024-06-17,1892.21,1899.58,1839.81,1849.1,8.80186238,28.1078380425
2024-06-18,1848.3,1875.48,1839.5,1865.67,5.55659218,15.834677322300001
2024-06-19,1863.03,1884.07,1848.18,1865.15,4.78421136,15.071304418299999
2024-06-20,1864.9,1881.9,1833.31,1844.7,6.74809525,17.0968040657
2024-06-21,1843.76,1862.26,1826.25,1837.9,6.34099038,15.5383645353
2024-06-24,1830.04,1837.3,1792.27,1809.26,7.96092714,19.301172811300003
2024-06-25,1808.92,1834.98,1795.81,1816.88,6.69899817,16.8440232685
2024-06-26,1815.33,1851.64,1801.79,1844.02,7.05725474,16.8126786317
2024-06-27,1839.22,1853.74,1820.24,1825.94,6.084794,15.0357781557
2024-06-28,1825.13,1851.64,1808.57,1822.56,8.09607598,19.7713753945
2024-07-01,1823.65,1872.03,1818.81,1860.12,8.77750998,21.0423339645
2024-07-02,1859.4,1904.91,1846.84,1886.34,9.65959172,23.593729760100004
2024-07-03,1884.16,1906.87,1872.24,1885.81,6.15555299,16.3732495635
2024-07-04,1888.15,1900.15,1856.29,1864.01,6.41524697,16.1326406807
2024-07-05,1861.97,1885.97,1847.73,1872.85,5.36396098,14.997029658299999
2024-07-08,1871.8,1888.4,1843.68,1857.09,5.7251961,17.2345364143
2024-07-09,1859.15,1873.85,1830.22,1861.15,5.83361921,16.4375319812
2024-07-10,1856.06,1865.48,1826.6,1836.65,5.0003526,14.728003856199999
2024-07-11,1844.3,1869.63,1832.19,1858.14,6.53905038,17.7328253737
2024-07-12,1857.98,1876.27,1840.76,1854.96,5.48296956,14.7776747123
2024-07-15,1852.06,1870.24,1836.6,1855.75,4.77788675,13.4428763723
2024-07-16,1851.28,1871.72,1841.38,1860.31,3.85090469,12.0045958326
2024-07-17,1859.84,1872.14,1842.12,1856.81,4.67230924,13.194412733399998
2024-07-18,1853.13,1871.68,1831.16,1861.95,5.81636155,15.798405524300001
2024-07-19,1857.23,1868.64,1837.48,1854.51,5.06392406,14.983434862200001
2024-07-22,1852.08,1861.98,1827.2,1842.82,5.01831509,14.7236040456
2024-07-23,1841.44,1853.13,1809.02,1812.77,5.26804086,15.8625334495
2024-07-24,1812.02,1830.66,1795.03,1814.18,5.62878857,16.088375396500002
2024-07-25,1810.14,1827.95,1790.49,1808.13,5.26678118,15.584911050899999
2024-07-26,1809.07,1831.37,1798.19,1817.64,4.21273379,13.3327433555
2024-07-29,1817.47,1838.66,1805.87,1828.67,4.43184421,12.5234167609
2024-07-30,1829.3,1850.83,1812.49,1837.69,4.92727098,15.001074161300002
2024-07-31,1841.02,1874.14,1822.9,1859.14,8.68242805,24.9854464449
2024-08-01,1861.18,1876.69,1840.35,1851.63,6.38481259,18.761470939000002
2024-08-02,1844.76,1871.19,1830.93,1843.57,6.30759946,16.2218042667
2024-08-05,1840.8,1862.5,1817.91,1823.22,7.64129143,21.3724227688
2024-08-06,1827.92,1847.33,1803.7,1822.43,5.46795923,16.6075622437
2024-08-07,1819.97,1832.72,1803.37,1810.48,4.28758967,13.5817958177
2024-08-08,1810.08,1828.71,1797.11,1817.9,4.67039276,13.1502956659
2024-08-09,1821.87,1834.1,1806.08,1809.17,4.12740473,11.920087721300002
2024-08-12,1808.22,1819.24,1784.24,1793.48,4.52215796,13.104777421700001
2024-08-13,1794.18,1808.45,1780.11,1800.74,4.72663157,13.175997953900001
2024-08-14,1800.54,1806.87,1769.49,1772.11,4.31302614,13.6374198822
2024-08-15,1769.08,1792.99,1755.68,1779.79,5.10364677,14.5441724881
2024-08-16,1782.77,1791.98,1759.46,1769.5,4.76639446,13.47016915
2024-08-19,1766.51,1789.18,1759.63,1767.88,4.37584952,12.664338844400001
2024-08-20,1770.0,1777.61,1733.12,1746.47,5.22293665,15.1500816979
2024-08-21,1742.63,1752.58,1721.59,1737.58,4.23002367,13.199541379000001
2024-08-22,1737.46,1747.06,1706.95,1717.79,4.88446818,14.2875064122
2024-08-23,1714.89,1733.62,1703.08,1719.15,4.7236165,11.931137585799998
2024-08-26,1719.88,1741.62,1711.47,1735.42,4.89643996,13.5654705018
2024-08-27,1732.01,1742.92,1706.84,1719.54,4.23353186,12.19715804
2024-08-28,1720.03,1735.49,1699.57,1716.75,4.21326367,12.876387816400001
2024-08-29,1716.9,1724.42,1690.46,1705.88,4.07817855,13.386028399
2024-08-30,1706.3,1744.47,1697.63,1725.4,7.22279947,20.219587981300002
2024-09-02,1724.79,1735.94,1695.96,1706.54,5.56839069,15.536424711099999
2024-09-03,1706.06,1718.56,1684.97,1697.08,5.20734777,14.0476753041
2024-09-04,1693.54,1702.02,1671.77,1683.56,4.28251619,11.4006719771
2024-09-05,1682.67,1701.17,1673.66,1686.93,3.73288696,10.4807121439
2024-09-06,1687.45,1702.49,1667.01,1670.96,4.29415736,11.708209480199999
2024-09-09,1667.07,1674.66,1627.91,1643.89,6.25462632,17.177305814500002
2024-09-10,1643.77,1652.24,1610.44,1633.29,6.00140471,15.251947395799998
2024-09-11,1629.0,1634.9,1597.24,1610.14,5.2465365,13.8091030396
2024-09-12,1610.46,1629.22,1597.19,1616.04,5.66263944,13.9745655572
2024-09-13,1617.45,1646.93,1608.52,1625.96,6.76278714,15.5177385898
2024-09-18,1624.7,1632.95,1592.19,1618.71,6.69996806,15.521036634300001
2024-09-19,1622.97,1659.74,1608.43,1645.62,8.37330632,20.7197377267
2024-09-20,1643.77,1652.13,1620.15,1633.31,5.87195555,15.366583300599999
2024-09-23,1631.29,1665.96,1621.84,1655.82,6.39467972,15.7218405285
2024-09-24,1657.64,1750.6,1653.01,1745.64,18.02393096,44.0856509391
2024-09-25,1792.12,1854.7,1770.01,1792.49,24.36663308,68.2701596175
2024-09-26,1791.41,1891.64,1781.77,1885.27,23.33761949,64.7127807966
2024-09-27,1920.61,1956.36,1871.98,1917.1,19.51918512,55.1438090684
2024-09-30,2004.85,2096.87,1975.12,2088.51,40.2511238,114.92398821389999
2024-10-08,2292.09,2295.5,2058.31,2146.06,50.66462537,152.3835000075
2024-10-09,2109.6,2118.77,1957.96,1971.32,30.86463742,91.0026893075
2024-10-10,1965.65,2079.48,1933.88,2019.79,25.28243316,77.512983959
2024-10-11,2013.83,2051.06,1954.54,1982.11,17.10434828,52.216735901999996
2024-10-14,1999.64,2047.38,1979.39,2018.91,16.30610178,51.7332668929
2024-10-15,2006.82,2027.45,1958.91,1962.87,13.45814529,39.6788666435
2024-10-16,1948.9,2021.5,1938.62,1994.19,16.51912883,44.311359529099995
2024-10-17,2003.17,2021.39,1946.43,1953.22,18.83985544,47.1158929377
2024-10-18,1943.68,2002.87,1909.34,1970.18,20.64928708,54.6054570717
2024-10-21,1979.75,1985.55,1930.86,1942.92,15.22519967,41.4388516508
2024-10-22,1939.48,1966.75,1925.49,1954.78,11.92854723,32.1657475967
2024-10-23,1954.49,2003.71,1943.96,1983.54,16.95699718,44.7224841238
2024-10-24,1975.05,1987.32,1941.93,1959.02,11.26194611,29.6089255242
2024-10-25,1958.03,2004.55,1949.07,1990.29,17.1600648,41.0486200606
2024-10-28,2017.64,2126.3,2008.99,2117.55,35.23260625,101.7140969657
2024-10-29,2132.62,2143.44,2033.79,2043.74,34.79751709,92.2505080822
2024-10-30,2016.69,2083.09,1995.61,2047.14,25.34257071,64.1912287201
2024-10-31,2040.84,2104.21,2015.89,2083.43,31.33800182,77.91601841970001
2024-11-01,2087.87,2186.76,2058.28,2133.17,43.35365242,108.5942795922
2024-11-04,2142.72,2157.0,2055.28,2095.98,36.01706064,82.1048498064
2024-11-05,2081.64,2189.68,2073.16,2181.29,44.33180776,103.73778908450001
2024-11-06,2177.82,2238.01,2134.23,2210.16,51.23588794,121.3246690593
2024-11-07,2182.92,2291.54,2160.65,2261.32,45.22680852,115.51056414370001
2024-11-08,2274.36,2335.13,2209.23,2244.92,39.6042413,101.7416591846
2024-11-11,2238.52,2264.77,2179.86,2212.13,29.26043869,75.35882680590001
2024-11-12,2207.79,2228.45,2146.67,2167.67,27.84659321,71.3497846586
2024-11-13,2156.22,2207.96,2136.28,2164.82,19.78647992,50.1150109305
2024-11-14,2158.63,2167.9,2091.06,2098.73,20.35426868,50.603613416099996
2024-11-15,2089.23,2122.98,2059.18,2068.66,17.91737642,44.548505845200005
2024-11-18,2099.54,2194.63,2090.5,2131.79,31.60431747,89.84192475
2024-11-19,2120.65,2141.23,2059.95,2116.74,24.7620587,66.1700739674
2024-11-20,2103.56,2138.15,2087.9,2127.87,16.3692521,44.3570264904
2024-11-21,2122.28,2141.96,2097.56,2120.98,13.33370249,37.0939955415
2024-11-22,2124.47,2152.51,2056.11,2068.17,21.28953545,53.7669458699
2024-11-25,2066.49,2114.99,2042.76,2082.06,18.61044164,45.390359525
2024-11-26,2077.43,2102.08,2055.31,2066.1,12.258208,31.5116361121
2024-11-27,2060.76,2083.18,2008.91,2074.33,15.36907811,37.7020159582
2024-11-28,2069.55,2103.04,2057.38,2080.05,13.02036406,32.359305245
2024-11-29,2079.4,2105.09,2052.95,2079.23,13.60049526,35.444745846
2024-12-02,2079.09,2169.55,2070.14,2152.73,25.54446059,68.8729710367
2024-12-03,2152.4,2168.9,2121.73,2151.0,17.10089657,45.0173543965
2024-12-04,2152.97,2196.58,2125.83,2160.7,22.79322994,57.8347176129
2024-12-05,2154.35,2191.1,2132.9,2178.18,21.44532324,54.0828841846
2024-12-06,2179.48,2248.54,2166.1,2232.04,33.55508699,87.3594487398
2024-12-09,2243.15,2310.56,2203.34,2228.51,34.80154112,90.522939271
2024-12-10,2288.26,2326.88,2212.05,2231.57,38.1162632,104.13678276629999
2024-12-11,2218.41,2304.88,2209.43,2281.5,33.45087534,88.24074039959999
2024-12-12,2282.42,2296.0,2222.0,2248.62,28.74758585,80.5861908334
2024-12-13,2242.52,2264.42,2178.63,2191.01,28.60203773,79.9265750543
2024-12-16,2189.44,2221.55,2155.64,2184.49,22.43150302,64.5556772701
2024-12-17,2182.26,2206.84,2136.38,2161.17,21.34750974,60.7418692018
2024-12-18,2174.43,2237.12,2164.12,2199.36,21.32240118,64.0741160105
2024-12-19,2180.51,2211.08,2143.68,2182.92,22.11545764,64.3197020757
2024-12-20,2178.57,2195.61,2130.88,2140.49,18.79838597,55.9737929192
2024-12-23,2139.97,2168.78,2092.79,2116.17,19.10273992,55.4125916123
2024-12-24,2112.98,2152.96,2098.38,2137.46,16.10437932,46.1500574271
2024-12-25,2138.29,2150.42,2093.81,2115.65,13.0131727,36.6936171575
2024-12-26,2114.3,2140.8,2094.87,2115.89,9.95938166,29.6897472912
2024-12-27,2119.52,2172.6,2106.45,2132.94,17.41882501,50.320569884399994
2024-12-30,2130.72,2145.64,2091.61,2122.69,14.71375033,45.632266215
2024-12-31,2119.87,2143.03,2077.69,2086.49,14.95069956,42.344639370900005
2025-01-02,2087.06,2113.27,2032.28,2046.52,17.11720876,47.2246569583
2025-01-03,2051.95,2074.73,1993.58,2006.41,16.10886031,41.7366530872
2025-01-06,2005.43,2052.36,1976.34,2032.75,15.7774553,42.8702678519
2025-01-07,2031.51,2059.18,1993.41,2037.09,14.94897309,42.959307098100005
2025-01-08,2029.3,2042.15,1971.22,2014.47,14.58150132,39.1355610442
2025-01-09,2002.66,2025.96,1982.35,1999.99,11.03704194,31.437194274699998
2025-01-10,2000.32,2016.82,1957.44,1963.23,11.99292484,32.0755243075
2025-01-13,1948.22,1984.31,1926.32,1973.46,10.96987616,29.5899991082
2025-01-14,1977.61,2028.26,1962.14,2018.06,14.78625989,38.8628432881
2025-01-15,2012.05,2037.62,1989.98,2015.62,11.53217702,31.8881477118
2025-01-16,2021.0,2067.07,2004.95,2040.31,14.47678324,38.7214767736
2025-01-17,2034.01,2044.04,1988.13,2014.93,11.10881918,31.8138726098
2025-01-20,2024.64,2055.78,1998.74,2024.6,12.76201122,36.0846378763
2025-01-21,2030.55,2040.43,1982.36,1990.86,10.63859867,31.453596430100003
2025-01-22,1990.96,2008.14,1960.04,1989.13,9.31479086,28.357393541300002
2025-01-23,2002.15,2031.04,1979.59,1983.48,11.24234642,30.7369431164
2025-01-24,1986.43,2054.81,1970.86,2037.95,16.20028728,48.4129688912
2025-01-27,2039.38,2118.67,2022.93,2071.13,19.34134339,62.5430881466
2025-02-05,2084.45,2101.71,2026.42,2049.87,13.47921219,40.9774173889
2025-02-06,2058.74,2095.65,2036.73,2074.46,16.70903518,43.064331566499995
2025-02-07,2081.07,2149.87,2071.1,2134.36,18.57024662,51.1551033337
2025-02-10,2145.65,2192.33,2125.39,2156.91,16.80884979,47.6857202929
2025-02-11,2165.77,2180.79,2122.77,2137.45,13.52815769,37.712024249
2025-02-12,2148.62,2160.17,2111.05,2133.54,11.9822066,32.8080649072
2025-02-13,2148.26,2180.73,2137.6,2154.52,14.24625074,45.6318125658
2025-02-14,2150.43,2175.09,2105.44,2145.47,19.41156091,111.40231149879999
2025-02-17,2148.28,2189.96,2124.59,2171.22,18.24163373,108.1839947768
2025-02-18,2151.97,2180.44,2121.58,2141.69,14.06947332,50.5801810505
2025-02-19,2129.51,2159.42,2101.77,2127.95,17.38322123,99.0951336582
2025-02-20,2126.81,2182.04,2108.16,2151.13,22.18948314,111.600437354
2025-02-21,2154.83,2192.69,2124.8,2155.81,18.42513174,93.7618641421
2025-02-24,2158.17,2201.2,2131.56,2158.9,19.45894007,110.63013600309999
2025-02-25,2137.51,2191.78,2115.85,2161.07,19.06356343,110.8492860478
2025-02-26,2178.11,2304.37,2165.5,2293.19,38.12437929,155.3987656729
2025-02-27,2290.22,2351.72,2230.03,2316.45,33.94998029,175.8595955897
2025-02-28,2293.24,2335.57,2255.62,2270.89,21.80594986,106.26943758440001
2025-03-03,2262.72,2335.3,2249.89,2282.67,24.13894711,106.3648039241
2025-03-04,2274.0,2340.23,2250.56,2300.47,22.13462338,102.9521954052
2025-03-05,2296.41,2328.39,2241.84,2303.52,20.67268981,103.1457313625
2025-03-06,2307.09,2331.66,2262.88,2294.58,20.13589822,106.5855094462
2025-03-07,2287.1,2363.31,2267.21,2326.63,23.5002047,105.6030885739
2025-03-10,2325.59,2350.95,2261.41,2302.71,17.64542864,81.06098041359999
2025-03-11,2286.92,2352.7,2267.06,2346.58,19.95236533,94.8178614598
2025-03-12,2346.92,2383.59,2308.56,2333.15,18.56162743,99.7246844837
2025-03-13,2336.53,2389.59,2299.02,2367.5,21.05563012,109.8207882756
2025-03-14,2349.44,2369.57,2307.03,2344.18,15.9530488,55.7664117181
2025-03-17,2342.11,2380.4,2310.4,2328.55,17.651094,87.588264845
2025-03-18,2331.02,2347.06,2290.74,2309.38,14.55791314,70.26498507560001
2025-03-19,2305.01,2323.67,2274.43,2296.0,12.33290769,59.3574014221
2025-03-20,2290.46,2343.22,2273.51,2309.08,15.13798167,69.3561036111
2025-03-21,2302.2,2367.29,2288.36,2325.4,19.69596918,90.2224631117
2025-03-24,2325.21,2362.18,2273.37,2318.46,21.09604317,81.6683289983
2025-03-25,2310.98,2351.95,2278.59,2301.26,16.3262685,68.34399636239999
2025-03-26,2296.79,2324.96,2265.82,2298.63,14.31968772,58.0909299815
2025-03-27,2294.07,2309.43,2259.02,2277.46,11.66421103,47.0370801454
2025-03-28,2279.93,2300.98,2230.03,2252.42,16.31687908,75.8535303565
2025-03-31,2237.28,2267.12,2173.42,2216.5,16.85683926,80.2448390549
2025-04-01,2223.57,2266.09,2204.95,2239.64,13.20951992,71.00754247409999
2025-04-02,2237.32,2261.44,2214.37,2226.75,9.0263063,50.208143261000004
2025-04-03,2215.26,2270.59,2205.07,2254.34,12.17706479,74.0781906441
2025-04-07,2189.67,2205.78,2029.77,2049.68,24.02044711,90.9594530592
2025-04-08,2045.13,2104.24,2015.15,2078.15,20.17318768,81.8706680425
2025-04-09,2055.9,2120.18,1978.55,2102.92,23.48686098,104.4655710768
2025-04-10,2113.81,2159.93,2093.79,2124.85,18.727519,98.1439862837
2025-04-11,2115.36,2158.51,2094.38,2121.83,15.83004361,73.2395841484
2025-04-14,2131.3,2166.52,2115.0,2145.05,13.48454202,63.8135526015
2025-04-15,2144.73,2156.13,2095.78,2114.65,11.46096629,57.145189485500005
2025-04-16,2109.7,2122.16,2069.44,2101.54,11.68808165,58.5185247204
2025-04-17,2087.32,2127.93,2077.97,2102.57,9.71146492,46.2412270042
2025-04-18,2104.16,2132.23,2082.88,2112.9,8.92727847,38.6357232959
2025-04-21,2113.13,2167.13,2097.39,2135.64,13.11056522,62.036828613900006
2025-04-22,2136.25,2154.19,2105.44,2124.04,11.05642268,53.634835379799995
2025-04-23,2130.31,2156.92,2107.84,2126.53,11.43157955,54.4597862325
2025-04-24,2126.91,2144.53,2102.89,2118.35,9.21024279,42.4084194396
2025-04-25,2120.52,2166.87,2109.67,2143.3,12.67936409,52.67804999649999
2025-04-28,2147.97,2219.62,2136.36,2178.38,16.37787867,78.3227757372
2025-04-29,2176.64,2215.68,2158.59,2176.31,13.18269524,56.5674530867
2025-04-30,2176.01,2188.83,2127.87,2146.13,12.27910675,53.4434507422
2025-05-06,2158.09,2218.06,2138.39,2202.75,18.43863577,75.1090409832
2025-05-07,2218.24,2235.68,2182.99,2214.48,13.68420565,60.051909825900005
2025-05-08,2205.77,2223.38,2186.08,2199.03,10.4216271,46.9620491168
2025-05-09,2199.56,2216.05,2171.09,2183.92,11.32341862,48.04929302520001
2025-05-12,2187.09,2202.73,2162.27,2186.71,10.71822953,41.260944870500005
2025-05-13,2199.32,2221.18,2179.48,2194.82,9.50195719,40.072892141
2025-05-14,2192.14,2219.86,2173.29,2203.61,11.31661166,37.9768232218
2025-05-15,2203.58,2221.72,2180.95,2187.74,10.53309597,37.5482541575
2025-05-16,2181.93,2194.76,2156.03,2174.2,9.36152954,34.9443166033
2025-05-19,2174.31,2201.48,2157.9,2189.32,10.75831828,37.4774824066
2025-05-20,2192.39,2209.21,2168.17,2186.73,9.29761564,35.672477842
2025-05-21,2183.71,2198.62,2167.29,2179.39,7.81995355,30.4703047642
2025-05-22,2176.26,2197.42,2147.01,2162.45,10.50478693,37.9777874682
2025-05-23,2164.61,2195.09,2140.91,2151.04,11.36310739,43.0790001588
2025-05-26,2149.49,2170.69,2131.39,2150.54,8.52099469,32.2261246069
2025-05-27,2151.53,2161.52,2122.23,2140.25,8.09227012,31.2417119327
2025-05-28,2140.62,2149.91,2113.47,2123.82,7.48365337,28.141811884000003
2025-05-29,2123.3,2147.23,2112.86,2132.81,8.40986766,32.2783092624
2025-05-30,2130.87,2150.66,2111.05,2130.42,8.51789317,33.1734427062
2025-06-03,2119.53,2128.59,2081.01,2091.1,11.71435548,42.4068476794
2025-06-04,2096.6,2129.6,2088.26,2116.08,10.63287211,37.7689155321
2025-06-05,2118.63,2139.42,2091.86,2111.86,11.31727511,45.965950662299996
2025-06-06,2113.55,2134.16,2103.84,2117.69,9.00556902,34.7358586523
2025-06-09,2121.92,2144.18,2108.76,2133.37,11.37902597,35.7966286807
2025-06-10,2135.33,2144.58,2103.93,2120.92,10.11489657,34.2714092323
2025-06-11,2116.4,2163.78,2106.5,2144.57,14.57843246,40.3102986752
2025-06-12,2140.08,2160.98,2118.72,2138.04,12.91913947,36.8902294167
2025-06-13,2135.13,2142.33,2101.91,2112.72,10.86167454,35.368893808
2025-06-16,2107.88,2136.33,2092.03,2113.0,10.2929199,32.0995067257
2025-06-17,2115.24,2133.91,2098.1,2114.88,9.94117669,30.9655580577
2025-06-18,2112.42,2120.02,2078.7,2090.69,8.98769245,28.8449967808
2025-06-19,2088.41,2103.04,2053.35,2060.54,11.27474401,40.802818207600005
2025-06-20,2062.64,2088.35,2050.27,2064.81,8.56076303,31.016274942800003
2025-06-23,2056.37,2081.57,2039.35,2061.58,8.94573357,31.8460137833
2025-06-24,2064.89,2095.52,2056.01,2089.53,9.60826588,34.644981530500004
2025-06-25,2088.91,2114.57,2079.01,2107.5,10.98912128,37.0055863245
2025-06-26,2106.92,2124.58,2086.08,2090.43,10.1921153,40.0773265802
2025-06-27,2095.76,2132.94,2085.01,2102.63,13.97139503,50.6043069053
2025-06-30,2107.8,2130.48,2094.49,2112.47,11.89751057,43.8148740133
2025-07-01,2114.82,2139.08,2095.23,2128.6,11.83128544,40.628994501
2025-07-02,2127.12,2238.79,2115.23,2214.89,34.08270686,105.02956552180001
2025-07-03,2212.37,2246.24,2169.8,2218.53,32.11215133,97.412249284
2025-07-04,2216.78,2290.23,2207.91,2239.63,30.02504313,103.7312126118
2025-07-07,2230.49,2263.93,2201.91,2240.09,20.46096037,72.3542710463
2025-07-08,2235.66,2295.11,2211.45,2279.91,26.64277313,94.97968034280001
2025-07-09,2281.93,2313.12,2246.31,2259.56,23.18475031,85.2960911967
2025-07-10,2270.01,2327.07,2250.77,2298.81,30.59912199,93.28231410379999
2025-07-11,2323.0,2392.98,2304.44,2352.36,36.10168185,108.0626886116
2025-07-14,2373.08,2440.2,2338.3,2359.5,45.77981005,125.8958807082
2025-07-15,2354.97,2387.17,2298.2,2323.29,33.25945189,98.6601172049
2025-07-16,2321.66,2335.85,2267.89,2283.87,25.97517354,86.1296629043
2025-07-17,2278.35,2335.8,2263.96,2319.98,23.02221675,74.5974418476
2025-07-18,2327.07,2404.59,2313.3,2367.46,35.24823709,100.4061559137
2025-07-21,2396.74,2488.39,2393.73,2452.86,43.32638052,128.5724572166
2025-07-22,2459.74,2529.78,2431.38,2509.06,42.87942646,136.2230565077
2025-07-23,2532.27,2633.32,2476.69,2522.58,62.0730253,199.7786933858
2025-07-24,2488.99,2616.7,2457.18,2604.91,54.34207335,167.2046088532
2025-07-25,2621.97,2658.9,2544.75,2568.11,54.24221651,167.5886912175
2025-07-28,2563.71,2591.49,2498.15,2538.32,39.60556573,127.3466178885
2025-07-29,2535.14,2652.4,2513.77,2626.75,43.13813281,137.3037358291
2025-07-30,2650.67,2766.68,2613.76,2713.42,61.48793453,199.5799668868
2025-07-31,2693.05,2707.1,2555.07,2579.9,52.94253307,166.8303853477
2025-08-01,2557.86,2589.87,2507.74,2520.15,34.90552907,108.6634344507
2025-08-04,2498.44,2539.28,2471.4,2511.74,24.97656853,77.6085693154
2025-08-05,2511.65,2588.48,2504.17,2557.86,28.26725927,90.3894871824
2025-08-06,2561.43,2592.37,2519.12,2557.71,26.74539331,87.3421691488
2025-08-07,2559.11,2600.84,2486.79,2566.84,37.4470749,115.4865806418
2025-08-08,2545.32,2615.82,2529.92,2589.41,27.21643443,88.7003234454
2025-08-11,2607.21,2627.83,2561.07,2579.13,23.96616354,80.164062337
2025-08-12,2578.28,2592.86,2533.45,2551.44,22.93008179,81.7127875967
2025-08-13,2555.15,2596.1,2529.78,2558.71,26.73632352,110.5371312983
2025-08-14,2559.03,2573.04,2499.49,2506.75,28.84963954,112.70687173430001
2025-08-15,2492.4,2539.82,2483.16,2513.77,23.8334547,85.90663754120001
2025-08-18,2523.66,2586.56,2492.68,2550.64,38.11287095,127.5437949892
2025-08-19,2556.09,2603.75,2528.88,2550.3,32.70538105,108.5435290125
2025-08-20,2540.3,2601.88,2515.75,2567.72,29.355356,98.80214157340001
2025-08-21,2564.82,2641.16,2548.97,2587.52,33.01101982,113.897469644
2025-08-22,2589.8,2629.0,2550.9,2592.52,34.64121093,133.1534970551
2025-08-25,2600.79,2718.97,2586.29,2689.16,42.35745893,154.5951892722
2025-08-26,2688.84,2715.85,2597.96,2635.66,47.97451641,173.2857940617
2025-08-27,2634.1,2689.08,2570.95,2591.09,44.92240793,167.2664158809
2025-08-28,2576.55,2629.24,2522.68,2588.19,36.79600027,132.86665013200002
2025-08-29,2586.92,2658.44,2559.9,2588.71,36.43219257,130.95475213059999
2025-09-01,2604.09,2626.47,2536.19,2582.82,32.17623962,121.7675349083
2025-09-02,2572.56,2597.42,2514.64,2551.82,28.59797021,101.831576009
2025-09-03,2553.45,2578.95,2488.38,2507.08,23.8984438,80.9313614219
2025-09-04,2500.86,2520.21,2419.0,2458.19,24.67177532,80.5394318793
2025-09-05,2453.67,2488.61,2419.68,2476.79,20.35125068,66.9497474625
2025-09-08,2473.87,2532.51,2458.59,2504.64,20.2357504,70.2189288351
2025-09-09,2499.44,2555.97,2477.23,2509.85,21.46676121,79.8411221172
2025-09-10,2498.2,2528.37,2463.28,2493.95,17.40472184,65.0294898869
2025-09-11,2491.61,2533.35,2464.92,2524.25,20.428399,72.62622367819999
2025-09-12,2528.73,2616.83,2504.08,2571.98,35.56974808,125.2365759791
2025-09-15,2566.19,2614.56,2522.6,2566.81,27.43253632,100.4527121543
2025-09-16,2567.54,2603.7,2512.71,2570.68,29.00926485,96.1718941209
2025-09-17,2551.44,2576.44,2518.52,2559.27,21.15974985,74.2226715733
2025-09-18,2553.82,2587.52,2493.73,2516.16,30.43095449,98.6872317534
2025-09-19,2516.83,2576.79,2481.96,2504.88,25.88333775,87.8957287852
2025-09-22,2494.03,2525.8,2443.84,2502.79,24.09921118,80.2640060352
2025-09-23,2495.61,2506.09,2406.43,2445.99,23.18261702,74.1207747362
2025-09-24,2433.5,2482.32,2408.82,2465.72,17.47511373,76.804968098
2025-09-25,2471.9,2506.68,2437.01,2460.27,19.70601177,100.03421375010001
2025-09-26,2450.45,2514.38,2428.97,2461.12,17.88716406,82.2953113901
2025-09-29,2460.0,2524.9,2416.79,2512.73,23.08191501,84.2691508423
2025-09-30,2513.7,2573.56,2497.06,2543.57,21.13943948,79.1334425089
2025-10-09,2573.88,2657.14,2533.08,2625.83,39.73707576,135.6728929396
2025-10-10,2612.59,2669.74,2575.68,2646.69,32.58710212,112.53090557670001
2025-10-13,2652.93,2719.71,2613.8,2710.51,43.35741244,143.7622191137
2025-10-14,2753.97,2815.24,2694.3,2715.2,68.38582969,224.4915423436
2025-10-15,2719.87,2782.53,2640.03,2700.4,48.65330437,156.3720312614
2025-10-16,2679.28,2716.94,2615.08,2640.07,32.01492864,110.73755529889999
2025-10-17,2640.72,2725.88,2604.98,2618.11,36.87683419,121.0122795761
2025-10-20,2624.97,2650.36,2582.17,2614.22,27.79429491,88.8274147419
2025-10-21,2611.42,2653.66,2589.43,2637.08,22.16581776,72.3764655437
2025-10-22,2622.11,2659.63,2599.04,2632.26,21.06774683,69.62184308180001
2025-10-23,2628.13,2656.26,2579.71,2640.01,20.27516035,70.0427344896
2025-10-24,2640.89,2668.19,2588.04,2606.33,24.67313656,83.8153783232
2025-10-27,2619.52,2692.42,2608.39,2652.73,31.43960362,111.75297976780001
2025-10-28,2650.34,2667.21,2586.37,2601.42,26.90293631,93.14563230200001
2025-10-29,2600.92,2625.15,2561.02,2612.13,19.74804932,69.0530485826
2025-10-30,2611.31,2691.36,2596.47,2636.08,34.13307881,114.8273902227
2025-10-31,2632.41,2667.96,2600.32,2617.74,26.60959668,91.84088203729999
2025-11-03,2676.99,2719.68,2630.15,2680.26,34.66970376,115.7818342068
2025-11-04,2678.64,2757.46,2649.01,2701.88,39.24853126,124.2008370618
2025-11-05,2669.51,2710.64,2640.2,2691.24,30.46180269,93.9337432683
2025-11-06,2691.24,2740.52,2668.01,2723.77,27.26512894,92.7299326157
2025-11-07,2715.49,2756.06,2690.63,2717.6,24.89016722,83.058073846
2025-11-10,2714.82,2725.66,2666.14,2689.26,21.75334858,72.7444094608
2025-11-11,2683.96,2723.42,2657.31,2698.89,23.08768536,78.86652556899999
2025-11-12,2691.71,2724.82,2657.99,2687.18,20.69672931,73.3105539498
2025-11-13,2685.9,2748.23,2665.94,2726.19,23.53351974,82.6558162604
2025-11-14,2712.01,2767.38,2692.42,2724.02,24.09610431,79.32317628359999
2025-11-17,2721.67,2757.05,2690.79,2721.27,18.73391176,69.8182538282
2025-11-18,2715.76,2729.04,2613.84,2632.87,27.13572142,89.5172377448
2025-11-19,2630.33,2649.54,2577.94,2610.64,19.80295383,64.499958694
2025-11-20,2610.59,2640.41,2589.6,2599.18,14.95938589,48.97920312189999
2025-11-21,2578.89,2593.0,2497.03,2502.99,22.60260273,72.2286858042
2025-11-24,2510.09,2542.02,2474.17,2510.31,16.96967691,57.69626386310001
2025-11-25,2516.01,2540.22,2489.88,2508.61,13.43925968,47.447474561899995
2025-11-26,2509.37,2532.25,2487.94,2495.32,13.36085832,45.59498443
2025-11-27,2500.94,2518.58,2477.34,2488.84,12.01434718,38.4015864099
2025-11-28,2486.08,2526.35,2460.24,2512.73,14.71516992,46.202370808599994
2025-12-01,2517.5,2560.81,2499.73,2543.64,17.90454011,63.2260444543
2025-12-02,2539.83,2563.47,2503.13,2535.25,15.40962393,53.6177516844
2025-12-03,2532.13,2567.12,2507.08,2526.61,14.61903765,52.9626258941
2025-12-04,2528.71,2542.21,2491.46,2506.12,11.79763321,40.1510895745
2025-12-05,2502.69,2549.39,2487.01,2539.02,14.74176454,47.9785862882
2025-12-08,2536.87,2550.88,2501.62,2520.14,14.02991695,50.6574595408
2025-12-09,2512.69,2522.64,2458.06,2467.32,15.20596052,52.0776404878
2025-12-10,2460.64,2484.2,2435.06,2466.8,12.62559439,44.068805213199994
2025-12-11,2469.51,2480.49,2419.05,2427.09,13.28754897,48.2570303922
2025-12-12,2435.31,2464.72,2412.71,2447.76,17.26693996,65.3662978559
2025-12-15,2440.89,2487.72,2418.05,2453.54,15.11616308,53.6883550309
2025-12-16,2452.8,2468.29,2397.35,2414.43,14.685902,47.9986616124
2025-12-17,2409.87,2450.91,2385.08,2436.68,13.30410858,43.6123905928
2025-12-18,2427.9,2464.52,2418.24,2441.34,9.81526191,32.9141605475
2025-12-19,2440.55,2499.51,2432.77,2483.58,15.53825844,48.48918047350001
2025-12-22,2493.05,2535.41,2476.36,2497.7,15.43582852,50.6445526765
2025-12-23,2498.6,2519.58,2467.91,2485.11,13.94209948,45.7080927282
2025-12-24,2484.32,2509.61,2464.8,2499.56,11.91534944,39.9310898712
2025-12-25,2499.2,2523.35,2475.3,2507.04,11.14132164,37.5164667799
2025-12-26,2508.77,2551.05,2497.43,2528.56,14.01035662,47.4365705151
2025-12-29,2537.78,2579.41,2518.18,2540.92,15.56019849,57.0349579313
2025-12-30,2528.13,2553.14,2497.23,2519.95,13.09157885,44.7513381286
2025-12-31,2519.81,2538.54,2494.02,2516.48,11.30560915,38.9271369255
2026-01-05,2526.16,2550.18,2481.73,2509.51,18.13404767,65.0063738546
2026-01-06,2506.93,2564.86,2496.79,2555.04,22.64728723,72.4740728635
2026-01-07,2567.02,2606.63,2537.64,2570.54,27.4692251,87.6867162201
2026-01-08,2557.59,2601.7,2532.16,2575.99,20.75056365,70.84576857399999
2026-01-09,2581.13,2636.13,2555.15,2590.83,23.35781326,80.8700710504
2026-01-12,2618.85,2677.09,2599.8,2652.67,35.29501782,120.03663855059999
2026-01-13,2656.72,2676.1,2582.38,2600.24,27.57446218,94.0706129662
2026-01-14,2596.83,2661.79,2557.73,2591.79,35.08556791,128.0303304228
2026-01-15,2585.48,2618.21,2547.02,2563.7,21.90108143,79.48055884829999
2026-01-16,2570.49,2597.89,2507.83,2523.8,26.32385588,87.3272428507
2026-01-19,2459.95,2545.83,2444.78,2522.81,33.81615693,101.6165079897
2026-01-20,2518.32,2581.58,2493.91,2557.78,28.82806765,94.55882343440001
2026-01-21,2541.58,2612.62,2523.08,2582.07,26.50841833,86.4077303406
2026-01-22,2584.58,2686.44,2570.66,2635.37,39.74243149,119.8040434238
2026-01-23,2639.7,2700.65,2608.02,2687.7,31.91222038,101.580560492
2026-01-26,2692.26,2743.04,2657.0,2693.56,35.98505345,121.0740638296
2026-01-27,2690.0,2725.24,2622.01,2657.96,30.16706372,102.2819666611
2026-01-28,2652.76,2737.14,2616.9,2705.32,35.95435575,122.4198557151
2026-01-29,2710.72,2784.06,2673.63,2735.08,50.12174585,165.3005148059
2026-01-30,2703.99,2742.06,2602.74,2664.34,44.3758146,143.8729883535
2026-02-02,2622.48,2645.34,2485.18,2496.15,38.00972575,131.2483122267
2026-02-03,2522.54,2583.03,2503.88,2571.71,25.29807505,86.8109653876
2026-02-04,2565.83,2636.98,2540.84,2624.87,24.50425019,86.76648282299999
2026-02-05,2611.71,2642.68,2563.96,2585.55,21.09782923,73.316260614
2026-02-06,2566.94,2614.17,2538.31,2570.53,17.77413409,62.3453344621
2026-02-09,2599.79,2665.47,2580.48,2626.97,29.27480153,92.93685197389999
2026-02-10,2630.18,2668.46,2593.08,2635.36,27.22678966,89.31446177
2026-02-11,2625.77,2704.1,2613.45,2677.04,27.37688685,91.071493393
2026-02-12,2675.82,2701.43,2633.04,2669.68,24.83232638,84.1163399165
2026-02-13,2654.91,2670.77,2583.47,2598.47,25.87264051,94.10682860440001
2026-02-24,2627.56,2671.55,2598.46,2643.44,24.26543271,83.9353400443
2026-02-25,2646.06,2836.87,2637.1,2776.55,57.26515335,195.3258488464
2026-02-26,2797.03,2850.92,2753.52,2802.27,57.99191657,184.7080314486
